item_id,sku,description,queue_date,days_since_queued,quantity_in_inventory,quantity_to_queue,predicted_quantity_sold,cost,retail_price,sold_price
8866,KRYP0118-TRNL-3XL,Kryptek Ares Jacket - Transitional - 3Xl,2024-03-31,0,16,11,2.0,99.69,279.99,207.17
9819,MYST0068-BK-OS,Mystery Ranch DSLR Chest Rig - Black - OS,2024-03-31,0,8,7,2.0,48.64,99.0,82.57
9819,MYST0068-FOL-OS,Mystery Ranch DSLR Chest Rig - Foliage - OS,2024-03-31,0,8,7,2.0,48.64,99.0,82.57
11445,SITK0146-ORG-M,Sitka Ballistic Vest,2024-03-31,0,10,8,2.0,49.54,99.0,90.37
11445,SITK0146-ORG-3XL,Sitka Ballistic Vest,2024-03-31,0,10,8,2.0,49.54,99.0,90.37
11089,COS0050Z-STONEWASH-PLEG,"COLD STEEL MARAUDER FIXED BLADE KNIFE: Stonewash, Plain Edge",2024-03-31,0,10,7,2.0,43.31,127.99,88.78
9107,CYCL0002-CHAR,Cyclops 10 Watt Rechargeable Spotlight - Charcoal,2024-03-31,0,10,8,2.0,19.5,49.99,35.3
8475,SITK0077-SA-M,Sitka Mountain WS Glove Optifade Subalpine Medium,2024-03-31,0,5,4,2.0,64.33,129.0,120.23
15176,STON0125-TAN-BO,Stone Glacier EVO 3300 Bag Only Tan 499 One Size Fits Most,2024-03-31,0,9,6,1.0,100.98,239.0,217.5
12057,SITK0537-SA-M,Sitka Stormfront GTX Glove Optifade Subalpine Medium - Subalpine,2024-03-31,0,8,7,1.0,104.66,209.0,177.06
12251,KING0006-DS-2XL,King's Camo XKG Wind Storm Peak Rain Pant-Desert Shadow-2XL,2024-03-31,0,6,5,2.0,54.15,119.99,97.39
9898,KRYP0188-HGH-M,Kryptek Dalibor Glove - Highlander - Medium,2024-03-31,0,11,7,2.0,21.0,59.99,48.97
12672,SITK0181-OC-OS,Sitka Core Neck Gaiter - Optifade Open Country - One Size,2024-03-31,0,11,8,2.0,20.0,40.0,40.37
12672,SITK0181-SA-OS,Sitka Core Neck Gaiter Optifade Subalpine One Size Fits All,2024-03-31,0,11,8,2.0,20.0,40.0,40.37
13554,ELEM0001-GR-4XL,Element Outdoors Mens Kore Series Lightweight Long Sleeve Shirt - GREY - 4X-Large,2024-03-31,0,10,7,2.0,19.0,64.0,41.16
10020,BIRC0137Z-BR,BIRCHWOOD CASEY Leather Handgun Mat - Brown,2024-03-31,0,9,7,2.0,16.97,49.99,32.69
10082,STEA0975-16GB-2PK,STEALTH CAM 16gb SD card 2 pack - BLACK,2024-03-31,0,5,4,3.0,9.7,29.99,20.12
12261,KING0100-OLV-2XL,King's Camo Hunter Safari Long Sleeve - Olive - 2XL,2024-03-31,0,12,9,3.0,21.38,44.99,41.46
12261,KING0100-OLV-3XL,King's Camo Hunter Safari Long Sleeve - Olive - 3XL,2024-03-31,0,12,9,3.0,21.38,44.99,41.46
11356,STEA0877Z-TBMSCMO,STEALTH CAM PREVUE 26MP TRAIL CAM COMBO - NEW,2024-03-31,0,6,5,5.0,59.95,129.99,110.59
12261,KING0100-DS-XL,King's Camo Hunter Safari Long Sleeve - Desert Shadow - XL,2024-03-31,0,12,9,3.0,21.38,44.99,41.46
11530,COLD0005-26WD,"COLD STEEL AIR LITE FOLDING KNIFE: Black , Drop Point",2024-03-31,0,3,2,2.0,36.64,99.99,85.43
11973,COLD0011-59KSSET,COLD STEEL KITCHEN KNIFE SET: Black,2024-03-31,0,9,7,3.0,106.78,269.99,203.81
13038,MYST0148-FOR-OS,Mystery Ranch High Water Shoulder Bag - Forest - OS,2024-03-31,0,7,5,1.0,57.38,139.0,116.92
12739,AVIA0027-PNTLFU-6PK,AvianX Topflight Duck Decoys - 6 Pack - Pintails - Fusion,2024-03-31,0,8,5,2.0,60.0,169.99,149.42
8866,KRYP0118-TRNL-M,Kryptek Ares Jacket - Transitional - M,2024-03-31,0,16,11,2.0,99.69,279.99,207.17
8866,KRYP0118-SKF-M,Kryptek Ares Jacket - Skyfall - M,2024-03-31,0,16,11,2.0,99.69,279.99,207.17
8866,KRYP0118-SKF-3XL,Kryptek Ares Jacket - Skyfall - 3Xl,2024-03-31,0,16,11,2.0,99.69,279.99,207.17
15330,LASP0013-CA/FL-9.5,La Sportiva TX4 - Carbon/Flame - 9.5,2024-03-31,0,9,7,1.0,78.0,159.0,151.19
10133,HME0297-OS,HME STRAP-ON TRAIL CAMERA HOLDER,2024-03-31,0,6,5,4.0,8.95,24.99,17.15
14006,ADVE0036-KHKI,Adventure Medical MOLLE Bag Trauma 2.0 Kit w/QuikClot - Khaki,2024-03-31,0,12,9,2.0,47.7,94.99,90.7
12345,KING0115-ORG-BLZ,Kings Camo Kings Logo Knit Beanie Blaze - Blaze Or. - BLZ,2024-03-31,0,9,6,2.0,7.6,19.99,17.34
15161,MYST0169-OS-HTR,Mystery Ranch Zoid Cube Set - Hunter - OS,2024-03-31,0,6,5,2.0,34.61,69.0,64.68
15294,SITK0817-HML-37R,Sitka Territory Pant - Hemlock Green - 37R,2024-03-31,0,8,6,2.0,59.5,119.0,115.4
14600,HALO0416Z-MOTR,HALO XLR3000 LASER RANGEFINDER: Mossy Oak Terra,2024-03-31,0,8,7,1.0,120.0,399.99,207.02
15330,LASP0013-CFL-8.5,La Sportiva TX4 - Carbon/Flame - 8.5,2024-03-31,0,9,7,1.0,78.0,159.0,151.19
12251,KING0006-EDGE-XXL,King's Camo XKG Wind Storm Peak Rain Pant Realtree Edge - Realtree Edge - Size XXL,2024-03-31,0,6,5,2.0,54.15,119.99,97.39
6387,CYCL0144-BK-250LUMENS,"CYCLOPS CONDUCTIVE TOUCH 250 LUMEN HEADLAMP: Black , 250 Lumens",2024-03-31,0,10,7,2.0,9.95,29.99,21.18
9505,HAWK0673Z-BKGR,HAWK EARTH ANCHOR BOW HOLDER: Black/Grey,2024-03-31,0,6,4,2.0,9.0,29.99,20.73
10169,HMEP0706Z-BR,HME ARCHERS PRACTICE BOW STAND: Brown,2024-03-31,0,10,8,4.0,11.81,27.99,21.82
10721,ROCK0199Z-RVC-L,Rocky Insulated Waterproof Bibs - Venator Camo - Large,2024-03-31,0,8,6,1.0,53.25,148.33,104.88
10721,ROCK0199Z-RVC-XL,Rocky Insulated Waterproof Bibs - Venator Camo - Extra Large,2024-03-31,0,8,6,1.0,53.25,148.33,104.88
11110,COS0861Z-BK,COLD STEEL XL ESPADA G-10 FOLDING KNIFE: Black,2024-03-31,0,10,7,1.0,95.96,299.99,201.2
11116,COS0218Z-BK,COLD STEEL LARGE ESPADA G-10 FOLDING KNIFE: Black,2024-03-31,0,7,5,2.0,73.56,229.99,158.84
11122,COS0189Z-BK,COLD STEEL SPARTAN FOLDING KNIFE: Black,2024-03-31,0,6,4,2.0,41.56,129.99,92.56
10875,GOUT0001Z-GRY,G.P.S. EXECUTIVE RANGE BACKPACK WITH CRADLE: Gray,2024-03-31,0,9,7,2.0,91.04,234.99,170.8
11227,COS0312Z-RZE,COLD STEEL FRENZY III FOLDING KNIFE: Razor Edge,2024-03-31,0,10,7,1.0,78.22,239.99,160.85
11103,COS0430Z-BK,COLD STEEL FLEXIBLE CURVED BONING FIXED BLADE KNIFE: Black,2024-03-31,0,9,7,3.0,10.95,23.99,21.21
11308,HSPE0811Z-GR,HUNTERS SPECIALTIES JOHNNY STEWART REAPER ELECTRONIC GAME CALLER: Grey,2024-03-31,0,6,5,1.0,59.95,149.99,112.89
12768,FLEX0026Z-BK,FLEXTONE BUCK COLLECTOR PLUS DEER CALL: Black,2024-03-31,0,11,8,2.0,7.95,18.99,15.64
12365,STK0010Z-KHAKI-36X32,"STRIKER BARRIER ZIP-OFF PANT: Khaki, 36x32",2024-03-31,0,7,5,2.0,40.0,99.99,90.64
13180,PNUM0001-CAZA-M,"PNUMA 2022 SELKIRK HUNTING JACKET: Caza, M",2024-03-31,0,10,8,1.0,136.8,350.0,253.79
14178,NOMA0049Z-MOMIGRATE-2XL,"NOMAD CAMO PURSUIT PANT: Mossy Oak Migrate, 2XL",2024-03-31,0,7,6,1.0,39.17,80.42,68.89
14178,NOMA0049Z-MODDROPTIN-3XL,"NOMAD CAMO PURSUIT PANT: Mossy Oak Droptine, 3XL",2024-03-31,0,7,6,1.0,39.17,80.42,68.89
14214,NOMA0082Z-MODDROPTIN-3XL,"NOMAD HARVESTER NXT PANT: Mossy Oak Droptine, 3XL",2024-03-31,0,5,4,1.0,77.55,160.0,156.98
14214,NOMA0082Z-MODDROPTIN-2XL,"NOMAD HARVESTER NXT PANT: Mossy Oak Droptine, 2XL",2024-03-31,0,5,4,1.0,77.55,160.0,156.98
14640,ADVE0051Z-YE,ADVENTURE MEDICAL KITS ULTRALIGHT WATERRIGHT PRO MEDICAL KIT: Yellow,2024-03-31,0,5,4,2.0,71.55,139.99,129.07
14006,ADVE0036-BK-2,"ADVENTURE MEDICAL MOLLE TRAUMA 2.0 KIT: Black , 2",2024-03-31,0,12,9,2.0,47.7,94.99,90.7
14759,COS0267Z-BK-3PK,"COLD STEEL THROWING STARS WITH POUCH - 3 PACK: Black , 3 Pack",2024-03-31,0,9,7,2.0,12.71,29.99,23.5
14792,SMEP0042Z-BK,SME BULLSEYE SPOTTING SCOPE CAMERA: Black,2024-03-31,0,5,4,1.0,50.96,119.99,108.52
14793,SOG0228Z-BLKMOSS,SOG AEGIS MULTI-TOOL: Black/Moss,2024-03-31,0,12,8,1.0,27.16,59.99,58.65
14793,SOG0228Z-INDACID,SOG AEGIS MULTI-TOOL: Indigo/Acid,2024-03-31,0,12,8,1.0,27.16,59.99,58.65
15312,BROW0695Z-OVIXCAMO-M,"BROWNING DUTTON JACKET: Ovix Camo, M",2024-03-31,0,12,9,1.0,94.05,199.99,179.66
14741,BIRC0122Z-GRY,BIRCHWOOD CASEY 22 CALIBER RIMFIRE KYL TARGET: Gray,2024-03-31,0,9,6,1.0,55.21,129.99,124.82
14755,COS0263Z-SI-3PK,"COLD STEEL 10 INCH THROWING AXES WITH SHEATH - 3 PACK: Silver, 3 Pack",2024-03-31,0,4,3,1.0,38.21,89.99,72.67
6549,HME00279-2M,HME 2 Man Pop Up Ground Blind,2024-03-31,0,4,3,3.0,59.95,179.99,122.72
9582,ZINK0006-MPL,ZINK CALL OF DEATH ACRYLIC GOOSE CALL: Bird's Eye Maple,2024-03-31,0,5,4,2.0,45.0,137.99,96.08
12261,KING0100-KHK-2XL,King's Camo Hunter Safari Long Sleeve - Khaki - 2XL,2024-03-31,0,12,9,3.0,21.38,44.99,41.46
13038,MYST0148-FOL-OS,Mystery Ranch High Water Shoulder Bag - Foliage - OS,2024-03-31,0,7,5,1.0,57.38,139.0,116.92
12735,AVIA0018-GDW-6PK,AvianX Topflight Duck Decoys - 6 Pack - Gadwall -,2024-03-31,0,10,6,2.0,60.0,169.99,149.42
15330,LASP0013-CA/FL-9,La Sportiva TX4 - Carbon/Flame - 9,2024-03-31,0,9,7,1.0,78.0,159.0,151.19
15330,LASP0013-CA/FL-12.5,La Sportiva TX4 - Carbon/Flame - 12.5,2024-03-31,0,9,7,1.0,78.0,159.0,151.19
15330,LASP0013-CA/FL-13,La Sportiva TX4 - Carbon/Flame - 13,2024-03-31,0,9,7,1.0,78.0,159.0,151.19
8866,KRYP0118-TRNL-XL,Kryptek Ares Jacket - Transitional - Xl,2024-03-31,0,16,11,2.0,99.69,279.99,207.17
15160,MYST0168-OS-HTR,Mystery Ranch Zoid Bag Set - Hunter - OS,2024-03-31,0,11,8,2.0,19.5,39.0,39.11
12365,STK0010Z-CRB-44X32,"STRIKER BARRIER ZIP-OFF PANT: Carbon, 44x32",2024-03-31,0,7,5,2.0,40.0,99.99,90.64
10035,BIRC0456Z-YE,BIRCHWOOD CASEY GROUND STRIKE BELLY DANCER TARGET: Yellow,2024-03-31,0,7,6,2.0,21.95,57.99,39.4
10185,MUDD0428Z-BK,MUDDY SAFETY HARNESS TREE STRAP: Black,2024-03-31,0,12,9,3.0,8.95,24.99,17.32
10600,BIRC0580Z-BK,BIRCHWOOD CASEY SHOOT-N-C 8 INCH TARGET - 30 PACK: Black,2024-03-31,0,6,4,2.0,7.5,24.99,17.38
11264,BIRC0483Z-YE,BIRCHWOOD CASEY LONG RANGE BULLSEYE TARGET - 5 PACK: Yellow,2024-03-31,0,12,8,2.0,9.5,24.99,21.09
11085,COS0064Z-BK,COLD STEEL URBAN EDGE 50/50 UTILITY TOOL: Black,2024-03-31,0,12,9,2.0,12.95,37.99,24.79
11089,COS0050Z-BK,COLD STEEL MARAUDER FIXED BLADE KNIFE: Serrated Edge,2024-03-31,0,10,7,2.0,43.31,127.99,88.78
11090,COS0085Z-BK,COLD STEEL PENDLETON HUNTER FIXED BLADE KNIFE: Black,2024-03-31,0,4,3,1.0,35.24,94.99,77.79
11091,COS0919Z-BK,COLD STEEL 3V MASTER HUNTER FIXED BLADE KNIFE: Black,2024-03-31,0,4,3,1.0,67.96,199.99,143.55
1938,TRUG00494-RT-4ARROW,"TRUGLO TUFF LOC 4 ARROW QUIVER: Realtree, 4 Arrow",2024-03-31,0,14,10,2.0,13.64,27.99,27.27
1938,TRUG00494-BK-4ARROW,"TRUGLO TUFF LOC 4 ARROW QUIVER: Black , 4 Arrow",2024-03-31,0,14,10,2.0,13.64,27.99,27.27
12004,COS0336Z-AL,COLD STEEL 1911 PISTOL GRIP SWORD CANE: Aluminum,2024-03-31,0,11,7,1.0,37.0,109.99,87.33
12714,UNHY0413Z-STAG,UNCLE HENRY 2 PIECE SLIP JOINT & FOLDER KNIFE SET: Staglon,2024-03-31,0,12,7,2.0,12.0,39.99,31.19
12079,COS0299Z-AMRHK,COLD STEEL PIPE HAWK: American Hickory,2024-03-31,0,12,8,2.0,18.66,54.99,41.04
12251,KING0006-DS-XL,King's Camo XKG Wind Storm Peak Rain Pant-Desert Shadow-XL,2024-03-31,0,6,5,2.0,54.15,119.99,97.39
12365,STK0010Z-KHAKI-36X34,"STRIKER BARRIER ZIP-OFF PANT: Khaki, 36x34",2024-03-31,0,7,5,2.0,40.0,99.99,90.64
12020,COS0840Z-BK,COLD STEEL 4 INCH TI-LITE ZY-EX SWITCHBLADE KNIFE: Black,2024-03-31,0,10,8,2.0,30.0,74.99,54.51
12530,ARCT0053Z-RTEDGE-M,"ARCTIC SHIELD HEAT ECHO LOFT JACKET: Realtree Edge, M",2024-03-31,0,4,3,1.0,79.39,189.99,158.21
12530,ARCT0053Z-RTEDGE-2XL,"ARCTIC SHIELD HEAT ECHO LOFT JACKET: Realtree Edge, 2XL",2024-03-31,0,4,3,1.0,79.39,189.99,158.21
12530,ARCT0053Z-BK-M,"ARCTIC SHIELD HEAT ECHO LOFT JACKET: Black , M",2024-03-31,0,4,3,1.0,79.39,189.99,158.21
12720,AMST0024Z-CMO,AMERISTEP CARE TAKER RUN & GUN GROUND BLIND: Camo,2024-03-31,0,12,9,2.0,69.95,154.99,134.07
12786,APEX0017Z-RIGHTHAND,APEX OVERTAKE LIMB DRIVEN ARROW REST: Right Hand,2024-03-31,0,7,6,1.0,52.0,99.99,94.59
12786,APEX0017Z-LEFTHAND,APEX OVERTAKE LIMB DRIVEN ARROW REST: Left Hand,2024-03-31,0,7,6,1.0,52.0,99.99,94.59
12856,BIRC0669Z-RD,BIRCHWOOD CASEY UNIVERSAL GUN MULTI-TOOL: Red,2024-03-31,0,9,8,3.0,13.95,29.99,23.31
13272,COS0390Z-BK,COLD STEEL 6 INCH HOLD OUT FOLDING KNIFE: Black,2024-03-31,0,4,3,,96.0,254.99,203.8
13364,COS0539Z-BK,COLD STEEL LEATHERNECK BOWIE: Black,2024-03-31,0,5,4,1.0,92.95,199.99,172.69
14255,DANN0057Z-BRNMIL-9W,"DANNER 2650 GTX 4 INCH NON-INSULATED MID BOOT: Brown/Military, 9W",2024-03-31,0,14,10,1.0,97.14,219.95,193.87
14255,DANN0057Z-BRNMIL-95,"DANNER 2650 GTX 4 INCH NON-INSULATED MID BOOT: Brown/Military, 9.5",2024-03-31,0,14,10,1.0,97.14,219.95,193.87
14255,DANN0057Z-BRNMIL-105,"DANNER 2650 GTX 4 INCH NON-INSULATED MID BOOT: Brown/Military, 10.5",2024-03-31,0,14,10,1.0,97.14,219.95,193.87
14484,COS0856Z-BK,COLD STEEL TI-LITE 4 INCH ALUMINUM FOLDING KNIFE: Black,2024-03-31,0,3,2,1.0,50.0,154.99,113.76
14859,MSR0044Z-1L,MSR WINDBURNER COFFEE PRESS 1.0L: 1.0L,2024-03-31,0,10,8,2.0,14.85,29.95,27.15
14255,DANN0057Z-BRNMIL-115W,"DANNER 2650 GTX 4 INCH NON-INSULATED MID BOOT: Brown/Military, 11.5W",2024-03-31,0,14,10,1.0,97.14,219.95,193.87
14807,TENZ0047Z-MOBOTTOML,TENZING TZW-1500 WHITETAIL DAY PACK: Mossy Oak Bottomland,2024-03-31,0,13,9,1.0,93.46,239.99,194.24
14809,WALK0110Z-BK,WALKER'S DISRUPTER NOISE CANCELLIING BLUETOOTH EARBUDS: Black,2024-03-31,0,7,6,1.0,127.46,279.99,226.49
15010,ALLEN0001Z-GRY-10,"ALLEN GRANITE RIVER FELT SOLE WADING BOOTS: Gray, 10",2024-03-31,0,5,4,1.0,43.3,99.99,93.32
15010,ALLEN0001Z-GRY-11,"ALLEN GRANITE RIVER FELT SOLE WADING BOOTS: Gray, 11",2024-03-31,0,5,4,1.0,43.3,99.99,93.32
15312,BROW0695Z-OVIXCAMO-XL,"BROWNING DUTTON JACKET: Ovix Camo, XL",2024-03-31,0,12,9,1.0,94.05,199.99,179.66
15314,BROW0648Z-OVIXCAMO-L,"BROWNING PAHVANT PRO JACKET: Ovix Camo, L",2024-03-31,0,6,5,1.0,80.75,179.99,150.57
14816,HSPE0237Z-BK,HUNTERS SPECIALTIES HANDS FREE DEER GRUNTER: Black,2024-03-31,0,9,7,2.0,8.46,19.99,16.49
15308,GAT0014Z-SEVN-SM,"GATOR WADER EVO1 YOUTH WADERS: Seven, Small",2024-03-31,0,6,4,,100.0,249.99,227.27
15312,BROW0695Z-MAJORBRN-M,"BROWNING DUTTON JACKET: Major Brown, M",2024-03-31,0,12,9,1.0,94.05,199.99,179.66
15312,BROW0695Z-MAJORBRN-L,"BROWNING DUTTON JACKET: Major Brown, L",2024-03-31,0,12,9,1.0,94.05,199.99,179.66
15312,BROW0695Z-OVIXCAMO-L,"BROWNING DUTTON JACKET: Ovix Camo, L",2024-03-31,0,12,9,1.0,94.05,199.99,179.66
15351,KING0237Z-DSSHADOW-6R,"KING'S WOMEN'S HUNTER PANT 2.0: Desert Shadow, 6R",2024-03-31,0,8,6,1.0,30.88,69.99,61.7
15351,KING0237Z-DSSHADOW-14R,"KING'S WOMEN'S HUNTER PANT 2.0: Desert Shadow, 14R",2024-03-31,0,8,6,1.0,30.88,69.99,61.7
15351,KING0237Z-DSSHADOW-12R,"KING'S WOMEN'S HUNTER PANT 2.0: Desert Shadow, 12R",2024-03-31,0,8,6,1.0,30.88,69.99,61.7
15351,KING0237Z-XK7-10R,"KING'S WOMEN'S HUNTER PANT 2.0: XK7, 10R",2024-03-31,0,8,6,1.0,30.88,69.99,61.7
15351,KING0237Z-XK7-14R,"KING'S WOMEN'S HUNTER PANT 2.0: XK7, 14R",2024-03-31,0,8,6,1.0,30.88,69.99,61.7
9898,KRYP0188-TRNL-XL,Kryptek Dalibor Glove - Transitional - Xl,2024-03-31,0,11,7,2.0,21.0,59.99,48.97
8519,MUDD0143Z-BK,Muddy Treestand Lock 3 Pack - Black,2024-03-31,0,5,4,2.0,9.0,19.99,17.03
15308,GAT0014Z-SEVN-LG,"GATOR WADER EVO1 YOUTH WADERS: Seven, Large",2024-03-31,0,6,4,,100.0,249.99,227.27
9582,ZINK0006-CUSTMHNTR,ZINK CALL OF DEATH ACRYLIC GOOSE CALL: Custom Hunter,2024-03-31,0,5,4,2.0,45.0,137.99,96.08
12251,KING0006-XK7-M,King's Camo XKG Wind Storm Peak Rain Pant - XK7 - M,2024-03-31,0,6,5,2.0,54.15,119.99,97.39
15351,KING0237Z-DSSHADOW-16R,"KING'S WOMEN'S HUNTER PANT 2.0: Desert Shadow, 16R",2024-03-31,0,8,6,1.0,30.88,69.99,61.7
14255,DANN0057Z-BRNMIL-8,"DANNER 2650 GTX 4 INCH NON-INSULATED MID BOOT: Brown/Military, 8",2024-03-31,0,14,10,1.0,97.14,219.95,193.87
4930,ALPS0057-BRN,ALPS Commander Pack - Brown - OS,2024-03-31,0,5,4,6.0,49.99,133.32,103.96
15294,SITK0817-HML-42R,Sitka Territory Pant - Hemlock Green - 42R,2024-03-31,0,8,6,2.0,59.5,119.0,115.4
12057,SITK0537-OOC-L,Sitka Stormfront GTX Glove Optifade Open Country Large - Open Country,2024-03-31,0,8,7,1.0,104.66,209.0,177.06
14255,DANN0057Z-BRNMIL-105W,"DANNER 2650 GTX 4 INCH NON-INSULATED MID BOOT: Brown/Military, 10.5W",2024-03-31,0,14,10,1.0,97.14,219.95,193.87
15294,SITK0817-BCK-36R,Sitka Territory Pant - Buckskin - 36R,2024-03-31,0,8,6,2.0,59.5,119.0,115.4
15294,SITK0817-BCK-42R,Sitka Territory Pant - Buckskin - 42R,2024-03-31,0,8,6,2.0,59.5,119.0,115.4
12251,KING0006-EDGE-L,King's Camo XKG Wind Storm Peak Rain Pant Realtree Edge - Realtree Edge - Size L,2024-03-31,0,6,5,2.0,54.15,119.99,97.39
9898,KRYP0188-TRNL-M,Kryptek Dalibor Glove - Transitional - M,2024-03-31,0,11,7,2.0,21.0,59.99,48.97
8475,SITK0077-OC-XXL,Sitka Mountain WS Glove Optifade Open Country XX Large,2024-03-31,0,5,4,2.0,64.33,129.0,120.23
13568,GIL0002Z-SAGE-2XL,"GILL TOURNAMENT WATERPROOF RAIN JACKET: Sage, 2XL",2024-03-31,0,8,6,2.0,97.5,299.0,193.08
15294,SITK0817-HML-30R,Sitka Territory Pant - Hemlock Green - 30R,2024-03-31,0,8,6,2.0,59.5,119.0,115.4
14255,DANN0057Z-BRNMIL-10W,"DANNER 2650 GTX 4 INCH NON-INSULATED MID BOOT: Brown/Military, 10W",2024-03-31,0,14,10,1.0,97.14,219.95,193.87
15160,MYST0168-OS-FOL,Mystery Ranch Zoid Bag Set - Foliage - OS,2024-03-31,0,11,8,2.0,19.5,39.0,39.11
10721,ROCK0199Z-RVC-3XL,"ROCKY INSULATED MID SEASON BIB: Realtree Venator Camo, 3XL",2024-03-31,0,8,6,1.0,53.25,148.33,104.88
15351,KING0237Z-DSSHADOW-10R,"KING'S WOMEN'S HUNTER PANT 2.0: Desert Shadow, 10R",2024-03-31,0,8,6,1.0,30.88,69.99,61.7
15180,SKRE0030Z-SS-30R,"SKRE KODIAK MOUNTAIN PANT: Summit, 30R",2024-03-31,0,3,2,1.0,65.5,159.96,147.41
15180,SKRE0030Z-SOLC-34R,"SKRE KODIAK MOUNTAIN PANT: Solace, 34R",2024-03-31,0,3,2,1.0,65.5,159.96,147.41
12261,KING0100-KHK-XL,King's Camo Hunter Safari Long Sleeve - Khaki - XL,2024-03-31,0,12,9,3.0,21.38,44.99,41.46
12261,KING0100-OLV-L,King's Camo Hunter Safari Long Sleeve - Olive - L,2024-03-31,0,12,9,3.0,21.38,44.99,41.46
15312,BROW0695Z-OVIXCAMO-2XL,"BROWNING DUTTON JACKET: Ovix Camo, 2XL",2024-03-31,0,12,9,1.0,94.05,199.99,179.66
13554,ELEM0001-GR-S,Element Outdoors Mens Kore Series Lightweight Long Sleeve Shirt - GREY - Small,2024-03-31,0,10,7,2.0,19.0,64.0,41.16
12735,AVIA0018-WID-6PK,AvianX Topflight Duck Decoys - 6 Pack - Wideon -,2024-03-31,0,10,6,2.0,60.0,169.99,149.42
9898,KRYP0188-SKF-M,Kryptek Dalibor Glove - Skyfall - M,2024-03-31,0,11,7,2.0,21.0,59.99,48.97
12735,AVIA0018-WDDK-6PK,AvianX Topflight Duck Decoys - 6 Pack - Wood Duck -,2024-03-31,0,10,6,2.0,60.0,169.99,149.42
14255,DANN0057Z-BRNMIL-13,"DANNER 2650 GTX 4 INCH NON-INSULATED MID BOOT: Brown/Military, 13",2024-03-31,0,14,10,1.0,97.14,219.95,193.87
8866,KRYP0118-SKF-L,Kryptek Ares Jacket - Skyfall - L,2024-03-31,0,16,11,2.0,99.69,279.99,207.17
12365,STK0010Z-KHAKI-32X35,"STRIKER BARRIER ZIP-OFF PANT: Khaki, 32X35",2024-03-31,0,7,5,2.0,40.0,99.99,90.64
13568,GIL0002Z-GRAPHITE-L,"GILL TOURNAMENT WATERPROOF RAIN JACKET: Graphite, L",2024-03-31,0,8,6,2.0,97.5,299.0,193.08
12365,STK0010Z-KHAKI-31X32,"STRIKER BARRIER ZIP-OFF PANT: Khaki, 31x32",2024-03-31,0,7,5,2.0,40.0,99.99,90.64
15010,ALLEN0001Z-GRY-15,"ALLEN GRANITE RIVER FELT SOLE WADING BOOTS: Gray, 15",2024-03-31,0,5,4,1.0,43.3,99.99,93.32
4930,ALPS0057-OLV,Alps Commander External Frame - Dusty Olive,2024-03-31,0,5,4,6.0,49.99,133.32,103.96
8475,SITK0077-OC-M,Sitka Mountain WS Glove [2016] - Optifade Open Country - Medium,2024-03-31,0,5,4,2.0,64.33,129.0,120.23
12365,STK0010Z-CRB-30X32,"STRIKER BARRIER ZIP-OFF PANT: Carbon, 30X32",2024-03-31,0,7,5,2.0,40.0,99.99,90.64
12365,STK0010Z-CRB-40X34,"STRIKER BARRIER ZIP-OFF PANT: Carbon, 40X34",2024-03-31,0,7,5,2.0,40.0,99.99,90.64
12251,KING0006-XK7-L,King's Camo XKG Wind Storm Peak Rain Pant - XK7 - L,2024-03-31,0,6,5,2.0,54.15,119.99,97.39
12365,STK0010Z-KHAKI-34X30,"STRIKER BARRIER ZIP-OFF PANT: Khaki, 34X30",2024-03-31,0,7,5,2.0,40.0,99.99,90.64
15351,KING0237Z-XK7-8R,"KING'S WOMEN'S HUNTER PANT 2.0: XK7, 8R",2024-03-31,0,8,6,1.0,30.88,69.99,61.7
13180,PNUM0001-CZ-2XLT,Pnuma Selkirk Jacket - Caza - 2XLT,2024-03-31,0,10,8,1.0,136.8,350.0,253.79
15351,KING0237Z-DSSHADOW-4R,"KING'S WOMEN'S HUNTER PANT 2.0: Desert Shadow, 4R",2024-03-31,0,8,6,1.0,30.88,69.99,61.7
15351,KING0237Z-DSSHADOW-18R,"KING'S WOMEN'S HUNTER PANT 2.0: Desert Shadow, 18R",2024-03-31,0,8,6,1.0,30.88,69.99,61.7
14255,DANN0057Z-BRNMIL-11,"DANNER 2650 GTX 4 INCH NON-INSULATED MID BOOT: Brown/Military, 11",2024-03-31,0,14,10,1.0,97.14,219.95,193.87
9898,KRYP0188-SKF-XL,Kryptek Dalibor Glove - Skyfall - Xl,2024-03-31,0,11,7,2.0,21.0,59.99,48.97
15330,LASP0013-CA/FL-12,La Sportiva TX4 - Carbon/Flame - 12,2024-03-31,0,9,7,1.0,78.0,159.0,151.19
8475,SITK0077-BLK-L,Sitka Mountain WS Glove [2016] - Black - Large,2024-03-31,0,5,4,2.0,64.33,129.0,120.23
12365,STK0010Z-CRB-36X34,"STRIKER BARRIER ZIP-OFF PANT: Carbon, 36x34",2024-03-31,0,7,5,2.0,40.0,99.99,90.64
15294,SITK0817-HML-36R,Sitka Territory Pant - Hemlock Green - 36R,2024-03-31,0,8,6,2.0,59.5,119.0,115.4
15180,SKRE0030Z-SOLC-42R,"SKRE KODIAK MOUNTAIN PANT: Solace, 42R",2024-03-31,0,3,2,1.0,65.5,159.96,147.41
12261,KING0100-OLV-M,King's Camo Hunter Safari Long Sleeve - Olive - M,2024-03-31,0,12,9,3.0,21.38,44.99,41.46
8475,SITK0077-SA-XXL,Sitka Mountain WS Glove Optifade Subalpine XX Large,2024-03-31,0,5,4,2.0,64.33,129.0,120.23
9227,ROCK0185Z-VENATORCA-3XL,"ROCKY CAMO INSULATED PACKABLE JACKET: Venator Camo, 3XL",2024-03-31,0,5,4,2.0,48.75,140.0,102.07
14255,DANN0057Z-BRNMIL-12W,"DANNER 2650 GTX 4 INCH NON-INSULATED MID BOOT: Brown/Military, 12W",2024-03-31,0,14,10,1.0,97.14,219.95,193.87
13554,ELEM0001-GRY-XL,Element Outdoors Mens Kore Series Lightweight Long Sleeve Shirt - GREY - X-Large,2024-03-31,0,10,7,2.0,19.0,64.0,41.16
8866,KRYP0118-HGH-3XL,Kryptek Ares Jacket - Highlander - 3XL,2024-03-31,0,16,11,2.0,99.69,279.99,207.17
15160,MYST0168-BLK-OS,Mystery Ranch Zoid Bag Set - Black - OS,2024-03-31,0,11,8,2.0,19.5,39.0,39.11
12530,ARCT0053Z-BK-L,"ARCTIC SHIELD HEAT ECHO LOFT JACKET: Black , L",2024-03-31,0,4,3,1.0,79.39,189.99,158.21
11445,SITK0146-ORG-XL,Sitka Ballistic Vest,2024-03-31,0,10,8,2.0,49.54,99.0,90.37
15010,ALLEN0001Z-GRY-105,"ALLEN GRANITE RIVER FELT SOLE WADING BOOTS: Gray, 10.5",2024-03-31,0,5,4,1.0,43.3,99.99,93.32
12672,SITK0181-E2-OS,Sitka Core Neck Gaiter - Optifade Elevated II - One Size,2024-03-31,0,11,8,2.0,20.0,40.0,40.37
12365,STK0010Z-KHAKI-35X30,"STRIKER BARRIER ZIP-OFF PANT: Khaki, 35X30",2024-03-31,0,7,5,2.0,40.0,99.99,90.64
11565,COS0052Z-OR,COLD STEEL .625 BLOWGUN MINI BROAD HEAD DART - 50 PACK: Orange,2024-03-31,0,10,7,2.0,10.37,24.99,21.36
15180,SKRE0030Z-SS-40R,"SKRE KODIAK MOUNTAIN PANT: Summit, 40R",2024-03-31,0,3,2,1.0,65.5,159.96,147.41
12057,SITK0537-SA-XL,Sitka Stormfront GTX Glove Optifade Subalpine X Large - Subalpine,2024-03-31,0,8,7,1.0,104.66,209.0,177.06
13554,ELEM0001-GR-L,Element Outdoors Mens Kore Series Lightweight Long Sleeve Shirt - GREY - Large,2024-03-31,0,10,7,2.0,19.0,64.0,41.16
15294,SITK0817-HML-35R,Sitka Territory Pant - Hemlock Green - 35R,2024-03-31,0,8,6,2.0,59.5,119.0,115.4
8866,KRYP0118-TRNL-2XL,Kryptek Ares Jacket - Transitional - 2Xl,2024-03-31,0,16,11,2.0,99.69,279.99,207.17
12365,STK0010Z-CRB-36X36,"STRIKER BARRIER ZIP-OFF PANT: Carbon, 36x36",2024-03-31,0,7,5,2.0,40.0,99.99,90.64
9898,KRYP0188-TRNL-L,Kryptek Dalibor Glove - Transitional - L,2024-03-31,0,11,7,2.0,21.0,59.99,48.97
12530,ARCT0053Z-RTEDGE-XL,"ARCTIC SHIELD HEAT ECHO LOFT JACKET: Realtree Edge, XL",2024-03-31,0,4,3,1.0,79.39,189.99,158.21
13554,ELEM0001-GR-3XL,Element Outdoors Mens Kore Series Lightweight Long Sleeve Shirt - GREY - 3X-Large,2024-03-31,0,10,7,2.0,19.0,64.0,41.16
9227,ROCK0185Z-VENATORCA-XL,"ROCKY CAMO INSULATED PACKABLE JACKET: Venator Camo, XL",2024-03-31,0,5,4,2.0,48.75,140.0,102.07
15294,SITK0817-ANC-42R,Sitka Territory Pant - Anchor - 42R,2024-03-31,0,8,6,2.0,59.5,119.0,115.4
15180,SKRE0030Z-SS-42R,"SKRE KODIAK MOUNTAIN PANT: Summit, 42R",2024-03-31,0,3,2,1.0,65.5,159.96,147.41
12365,STK0010Z-KHAKI-36X36,"STRIKER BARRIER ZIP-OFF PANT: Khaki, 36x36",2024-03-31,0,7,5,2.0,40.0,99.99,90.64
12365,STK0010Z-CRB-34X36,"STRIKER BARRIER ZIP-OFF PANT: Carbon, 34x36",2024-03-31,0,7,5,2.0,40.0,99.99,90.64
15308,GAT0014Z-0,"GATOR WADER EVO1 YOUTH WADERS: Seven, Small",2024-03-31,0,6,4,,100.0,249.99,227.27
10721,ROCK0199Z-RVC-S,"ROCKY INSULATED MID SEASON BIB: Realtree Venator Camo, S",2024-03-31,0,8,6,1.0,53.25,148.33,104.88
9227,ROCK0185Z-VENATORCA-L,"ROCKY CAMO INSULATED PACKABLE JACKET: Venator Camo, L",2024-03-31,0,5,4,2.0,48.75,140.0,102.07
8866,KRYP0118-HGH-2XL,KRYPTEK ARES JACKET - HIGHLANDER - 2XL,2024-03-31,0,16,11,2.0,99.69,279.99,207.17
8475,SITK0077-BLK-XL,Sitka Mountain WS Glove [2016] - Black - XL,2024-03-31,0,5,4,2.0,64.33,129.0,120.23
12251,KING0006-XK7-2XL,King's Camo XKG Wind Storm Peak Rain Pant - XK7 - 2XL,2024-03-31,0,6,5,2.0,54.15,119.99,97.39
15180,SKRE0030Z-SOLC-30R,"SKRE KODIAK MOUNTAIN PANT: Solace, 30R",2024-03-31,0,3,2,1.0,65.5,159.96,147.41
13180,PNUM0001-CAZA-MT,"PNUMA 2022 SELKIRK HUNTING JACKET: Caza, MT",2024-03-31,0,10,8,1.0,136.8,350.0,253.79
12365,STK0010Z-CRB-33X34,"STRIKER BARRIER ZIP-OFF PANT: Carbon, 33x34",2024-03-31,0,7,5,2.0,40.0,99.99,90.64
8866,KRYP0118-TRNL-L,Kryptek Ares Jacket - Transitional - L,2024-03-31,0,16,11,2.0,99.69,279.99,207.17
15351,KING0237Z-DSSHADOW-8R,"KING'S WOMEN'S HUNTER PANT 2.0: Desert Shadow, 8R",2024-03-31,0,8,6,1.0,30.88,69.99,61.7
15294,SITK0817-BCK-40R,Sitka Territory Pant - Buckskin - 40R,2024-03-31,0,8,6,2.0,59.5,119.0,115.4
12530,ARCT0053Z-RTEDGE-S,"ARCTIC SHIELD HEAT ECHO LOFT JACKET: Realtree Edge, S",2024-03-31,0,4,3,1.0,79.39,189.99,158.21
14214,NOMA0082Z-MODDROPTIN-S,"NOMAD HARVESTER NXT PANT: Mossy Oak Droptine, S",2024-03-31,0,5,4,1.0,77.55,160.0,156.98
13568,GIL0002Z-SAGE-3XL,"GILL TOURNAMENT WATERPROOF RAIN JACKET: Sage, 3XL",2024-03-31,0,8,6,2.0,97.5,299.0,193.08
12365,STK0010Z-KHAKI-42X35,"STRIKER BARRIER ZIP-OFF PANT: Khaki, 42x35",2024-03-31,0,7,5,2.0,40.0,99.99,90.64
10721,ROCK0199Z-RVC-2XL,Rocky Insulated Waterproof Bibs - Venator Camo - 2XL,2024-03-31,0,8,6,1.0,53.25,148.33,104.88
15161,MYST0169-OS-FOL,Mystery Ranch Zoid Cube Set - Foliage - OS,2024-03-31,0,6,5,2.0,34.61,69.0,64.68
12365,STK0010Z-CRB-30X30,"STRIKER BARRIER ZIP-OFF PANT: Carbon, 30x30",2024-03-31,0,7,5,2.0,40.0,99.99,90.64
13180,PNUM0001-CAZA-2XL,"PNUMA 2022 SELKIRK HUNTING JACKET: Caza, 2XL",2024-03-31,0,10,8,1.0,136.8,350.0,253.79
13180,PNUM0001-CAZA-XLT,"PNUMA 2022 SELKIRK HUNTING JACKET: Caza, XLT",2024-03-31,0,10,8,1.0,136.8,350.0,253.79
15294,SITK0817-ANC-38R,Sitka Territory Pant - Anchor - 38R,2024-03-31,0,8,6,2.0,59.5,119.0,115.4
15294,SITK0817-ANC-40R,Sitka Territory Pant - Anchor - 40R,2024-03-31,0,8,6,2.0,59.5,119.0,115.4
14162,MSR0017-SLVR-OS,MSR WhisperLite International Stove-Silver-One Size,2024-03-31,0,8,6,2.0,81.11,159.95,156.86
12365,STK0010Z-KHAKI-40X30,"STRIKER BARRIER ZIP-OFF PANT: Khaki, 40X30",2024-03-31,0,7,5,2.0,40.0,99.99,90.64
15294,SITK0817-ANC-30R,Sitka Territory Pant - Anchor - 30R,2024-03-31,0,8,6,2.0,59.5,119.0,115.4
12057,SITK0537-OOC-M,Sitka Stormfront GTX Glove Optifade Open Country Medium - Open Country,2024-03-31,0,8,7,1.0,104.66,209.0,177.06
12251,KING0006-MTNS-M,King's Camo XKG Wind Storm Peak Rain Pant-Mountain Shadow-Medium,2024-03-31,0,6,5,2.0,54.15,119.99,97.39
12365,STK0010Z-KHAKI-40X34,"STRIKER BARRIER ZIP-OFF PANT: Khaki, 40X34",2024-03-31,0,7,5,2.0,40.0,99.99,90.64
14178,NOMA0049Z-MOMIGRATE-XL,"NOMAD CAMO PURSUIT PANT: Mossy Oak Migrate, XL",2024-03-31,0,7,6,1.0,39.17,80.42,68.89
12251,KING0006-EDGE-XL,King's Camo XKG Wind Storm Peak Rain Pant Realtree Edge - Realtree Edge - Size XL,2024-03-31,0,6,5,2.0,54.15,119.99,97.39
12365,STK0010Z-CRB-32X32,"STRIKER BARRIER ZIP-OFF PANT: Carbon, 32x32",2024-03-31,0,7,5,2.0,40.0,99.99,90.64
12365,STK0010Z-CRB-36X32,"STRIKER BARRIER ZIP-OFF PANT: Carbon, 36x32",2024-03-31,0,7,5,2.0,40.0,99.99,90.64
12365,STK0010Z-CRB-38X32,"STRIKER BARRIER ZIP-OFF PANT: Carbon, 38x32",2024-03-31,0,7,5,2.0,40.0,99.99,90.64
12530,ARCT0053Z-BK-3XL,"ARCTIC SHIELD HEAT ECHO LOFT JACKET: Black , 3XL",2024-03-31,0,4,3,1.0,79.39,189.99,158.21
15312,BROW0695Z-MAJORBRN-XL,"BROWNING DUTTON JACKET: Major Brown, XL",2024-03-31,0,12,9,1.0,94.05,199.99,179.66
10188,MUDD0049-CMO,MUDDY Muddy Ground Blind 250 - CAMO,2024-03-31,0,9,7,2.0,70.5,179.99,131.77
12365,STK0010Z-KHAKI-30X31,"STRIKER BARRIER ZIP-OFF PANT: Khaki, 30x31",2024-03-31,0,7,5,2.0,40.0,99.99,90.64
12365,STK0010Z-KHAKI-34X36,"STRIKER BARRIER ZIP-OFF PANT: Khaki, 34x36",2024-03-31,0,7,5,2.0,40.0,99.99,90.64
9898,KRYP0188-SKF-L,Kryptek Dalibor Glove - Skyfall - L,2024-03-31,0,11,7,2.0,21.0,59.99,48.97
10721,ROCK0199Z-RVC-M,Rocky Insulated Waterproof Bibs - Venator Camo - Medium,2024-03-31,0,8,6,1.0,53.25,148.33,104.88
12365,STK0010Z-KHAKI-33X32,"STRIKER BARRIER ZIP-OFF PANT: Khaki, 33x32",2024-03-31,0,7,5,2.0,40.0,99.99,90.64
11540,COS0509Z-BK,COLD STEEL 8IN CHEF'S KNIFE: Black,2024-03-31,0,10,7,2.0,12.95,33.99,27.99
14178,NOMA0049Z-MODDROPTIN-2XL,"NOMAD CAMO PURSUIT PANT: Mossy Oak Droptine, 2XL",2024-03-31,0,7,6,1.0,39.17,80.42,68.89
8475,SITK0077-BLK-M,Sitka Mountain WS Glove [2016] - Black - Medium,2024-03-31,0,5,4,2.0,64.33,129.0,120.23
15180,SKRE0030Z-SS-38R,"SKRE KODIAK MOUNTAIN PANT: Summit, 38R",2024-03-31,0,3,2,1.0,65.5,159.96,147.41
12365,STK0010Z-CRB-40X35,"STRIKER BARRIER ZIP-OFF PANT: Carbon, 40x35",2024-03-31,0,7,5,2.0,40.0,99.99,90.64
13554,ELEM0001-GR-2XL,Element Outdoors Mens Kore Series Lightweight Long Sleeve Shirt - GREY - 2X-Large,2024-03-31,0,10,7,2.0,19.0,64.0,41.16
15180,SKRE0030Z-SOLC-32R,"SKRE KODIAK MOUNTAIN PANT: Solace, 32R",2024-03-31,0,3,2,1.0,65.5,159.96,147.41
12365,STK0010Z-CRB-31X32,"STRIKER BARRIER ZIP-OFF PANT: Carbon, 31x32",2024-03-31,0,7,5,2.0,40.0,99.99,90.64
13537,WGAM0159Z-BARK,WILDGAME INNOVATIONS SPARK 2.0 18MP LIGHTSOUT  TRAIL CAMERA COMBO - NEW: Bark,2024-03-31,0,9,7,3.0,44.0,99.99,85.01
13539,WGAM0361Z-BARK,WILDGAME INNOVATIONS TERRA EXTREME 16MP TRAIL CAMERA - NEW: Bark,2024-03-31,0,7,6,2.0,30.0,59.99,53.38
13568,GIL0002Z-SAGE-M,"GILL TOURNAMENT WATERPROOF RAIN JACKET: Sage, M",2024-03-31,0,8,6,2.0,97.5,299.0,193.08
13529,WGAM0964Z-ATT,WILDGAME INNOVATIONS TERRA WIRELESS 20MP TRAIL CAMERA - NEW: AT&T,2024-03-31,0,5,4,3.0,60.0,129.99,116.72
12365,STK0010Z-KHAKI-38X35,"STRIKER BARRIER ZIP-OFF PANT: Khaki, 38X35",2024-03-31,0,7,5,2.0,40.0,99.99,90.64
12365,STK0010Z-CRB-34X30,"STRIKER BARRIER ZIP-OFF PANT: Carbon, 34X30",2024-03-31,0,7,5,2.0,40.0,99.99,90.64
12365,STK0010Z-KHAKI-38X34,"STRIKER BARRIER ZIP-OFF PANT: Khaki, 38x34",2024-03-31,0,7,5,2.0,40.0,99.99,90.64
12365,STK0010Z-KHAKI-44X32,"STRIKER BARRIER ZIP-OFF PANT: Khaki, 44x32",2024-03-31,0,7,5,2.0,40.0,99.99,90.64
12365,STK0010Z-KHAKI-32X34,"STRIKER BARRIER ZIP-OFF PANT: Khaki, 32X34",2024-03-31,0,7,5,2.0,40.0,99.99,90.64
12365,STK0010Z-CRB-38X34,"STRIKER BARRIER ZIP-OFF PANT: Carbon, 38x34",2024-03-31,0,7,5,2.0,40.0,99.99,90.64
15294,SITK0817-HML-38R,Sitka Territory Pant - Hemlock Green - 38R,2024-03-31,0,8,6,2.0,59.5,119.0,115.4
14255,DANN0057Z-BRNMIL-115,"DANNER 2650 GTX 4 INCH NON-INSULATED MID BOOT: Brown/Military, 11.5",2024-03-31,0,14,10,1.0,97.14,219.95,193.87
15314,BROW0648Z-OVIXCAMO-3XL,"BROWNING PAHVANT PRO JACKET: Ovix Camo, 3XL",2024-03-31,0,6,5,1.0,80.75,179.99,150.57
15180,SKRE0030Z-SS-36R,"SKRE KODIAK MOUNTAIN PANT: Summit, 36R",2024-03-31,0,3,2,1.0,65.5,159.96,147.41
15180,SKRE0030Z-SOLC-38R,"SKRE KODIAK MOUNTAIN PANT: Solace, 38R",2024-03-31,0,3,2,1.0,65.5,159.96,147.41
15180,SKRE0030Z-SOLC-36R,"SKRE KODIAK MOUNTAIN PANT: Solace, 36R",2024-03-31,0,3,2,1.0,65.5,159.96,147.41
12365,STK0010Z-CRB-32X33,"STRIKER BARRIER ZIP-OFF PANT: Carbon, 32x33",2024-03-31,0,7,5,2.0,40.0,99.99,90.64
12365,STK0010Z-KHAKI-38X30,"STRIKER BARRIER ZIP-OFF PANT: Khaki, 38X30",2024-03-31,0,7,5,2.0,40.0,99.99,90.64
9227,ROCK0185Z-VENATORCA-M,"ROCKY CAMO INSULATED PACKABLE JACKET: Venator Camo, M",2024-03-31,0,5,4,2.0,48.75,140.0,102.07
15312,BROW0695Z-OVIXCAMO-S,"BROWNING DUTTON JACKET: Ovix Camo, S",2024-03-31,0,12,9,1.0,94.05,199.99,179.66
11971,COS0697Z-BK,COLD STEEL 3V MAGNUM TANTO II FIXED BLADE KNIFE: Black,2024-03-31,0,7,6,1.0,122.0,359.99,215.57
13180,PNUM0001-CAZA-S,"PNUMA 2022 SELKIRK HUNTING JACKET: Caza, S",2024-03-31,0,10,8,1.0,136.8,350.0,253.79
13531,WGAM0321Z-BARK,WILDGAME INNOVATIONS MIRAGE 2.0 30MP LIGHTSOUT TRAIL CAMERA - NEW: Bark,2024-03-31,0,8,7,2.0,68.0,129.99,116.96
13568,GIL0002Z-GRAPHITE-M,"GILL TOURNAMENT WATERPROOF RAIN JACKET: Graphite, M",2024-03-31,0,8,6,2.0,97.5,299.0,193.08
13568,GIL0002Z-SAGE-L,"GILL TOURNAMENT WATERPROOF RAIN JACKET: Sage, L",2024-03-31,0,8,6,2.0,97.5,299.0,193.08
14801,SOG0236Z-BK,SOG STOUT FLK FOLDING KNIFE: Black,2024-03-31,0,9,7,2.0,30.57,66.95,57.44
14794,SOG0229Z-BK-TO,"SOG BAYONET TANTO FIXED BLADE KNIFE: Black , Tanto",2024-03-31,0,11,8,1.0,35.99,89.99,71.09
14795,SOG0230Z-BLAZEOR-RAZOREDGE,"SOG ETHER FX FIXED BLADE KNIFE: Blaze Orange, Razor Edge",2024-03-31,0,4,3,1.0,76.46,169.99,153.62
14801,SOG0236Z-GN,SOG STOUT FLK FOLDING KNIFE: Green,2024-03-31,0,9,7,2.0,30.57,66.95,57.44
12251,KING0006-XK7-XL,King's Camo XKG Wind Storm Peak Rain Pant - XK7 - XL,2024-03-31,0,6,5,2.0,54.15,119.99,97.39
13180,PNUM0001-CAZA-3XLT,"PNUMA 2022 SELKIRK HUNTING JACKET: Caza, 3XLT",2024-03-31,0,10,8,1.0,136.8,350.0,253.79
15294,SITK0817-BCK-32R,Sitka Territory Pant - Buckskin - 32R,2024-03-31,0,8,6,2.0,59.5,119.0,115.4
9582,ZINK0006-BLKGLD,ZINK CALL OF DEATH ACRYLIC GOOSE CALL: Black Gold,2024-03-31,0,5,4,2.0,45.0,137.99,96.08
9227,ROCK0185Z-VENATORCA-S,"ROCKY CAMO INSULATED PACKABLE JACKET: Venator Camo, S",2024-03-31,0,5,4,2.0,48.75,140.0,102.07
12365,STK0010Z-CRB-38X35,"STRIKER BARRIER ZIP-OFF PANT: Carbon, 38X35",2024-03-31,0,7,5,2.0,40.0,99.99,90.64
15010,ALLEN0001Z-GRY-14,"ALLEN GRANITE RIVER FELT SOLE WADING BOOTS: Gray, 14",2024-03-31,0,5,4,1.0,43.3,99.99,93.32
14255,DANN0057Z-BRNMIL-85W,"DANNER 2650 GTX 4 INCH NON-INSULATED MID BOOT: Brown/Military, 8.5W",2024-03-31,0,14,10,1.0,97.14,219.95,193.87
12251,KING0006-MTNS-2XL,King's Camo XKG Wind Storm Peak Rain Pant-Mountain Shadow-2XL,2024-03-31,0,6,5,2.0,54.15,119.99,97.39
12365,STK0010Z-CRB-40X32,"STRIKER BARRIER ZIP-OFF PANT: Carbon, 40x32",2024-03-31,0,7,5,2.0,40.0,99.99,90.64
14255,DANN0057Z-BRNMIL-14W,"DANNER 2650 GTX 4 INCH NON-INSULATED MID BOOT: Brown/Military, 14W",2024-03-31,0,14,10,1.0,97.14,219.95,193.87
12365,STK0010Z-KHAKI-40X32,"STRIKER BARRIER ZIP-OFF PANT: Khaki, 40x32",2024-03-31,0,7,5,2.0,40.0,99.99,90.64
14255,DANN0057Z-BRNMIL-125,"DANNER 2650 GTX 4 INCH NON-INSULATED MID BOOT: Brown/Military, 12.5",2024-03-31,0,14,10,1.0,97.14,219.95,193.87
13180,PNUM0001-CAZA-LT,"PNUMA 2022 SELKIRK HUNTING JACKET: Caza, LT",2024-03-31,0,10,8,1.0,136.8,350.0,253.79
12365,STK0010Z-CRB-34X35,"STRIKER BARRIER ZIP-OFF PANT: Carbon, 34X35",2024-03-31,0,7,5,2.0,40.0,99.99,90.64
12365,STK0010Z-KHAKI-31X30,"STRIKER BARRIER ZIP-OFF PANT: Khaki, 31x30",2024-03-31,0,7,5,2.0,40.0,99.99,90.64
15312,BROW0695Z-MAJORBRN-2XL,"BROWNING DUTTON JACKET: Major Brown, 2XL",2024-03-31,0,12,9,1.0,94.05,199.99,179.66
12365,STK0010Z-CRB-38X36,"STRIKER BARRIER ZIP-OFF PANT: Carbon, 38x36",2024-03-31,0,7,5,2.0,40.0,99.99,90.64
15351,KING0237Z-XK7-6R,"KING'S WOMEN'S HUNTER PANT 2.0: XK7, 6R",2024-03-31,0,8,6,1.0,30.88,69.99,61.7
12365,STK0010Z-CRB-35X30,"STRIKER BARRIER ZIP-OFF PANT: Carbon, 35X30",2024-03-31,0,7,5,2.0,40.0,99.99,90.64
12365,STK0010Z-KHAKI-34X34,"STRIKER BARRIER ZIP-OFF PANT: Khaki, 34x34",2024-03-31,0,7,5,2.0,40.0,99.99,90.64
12365,STK0010Z-CRB-34X34,"STRIKER BARRIER ZIP-OFF PANT: Carbon, 34x34",2024-03-31,0,7,5,2.0,40.0,99.99,90.64
14178,NOMA0049Z-MOMIGRATE-S,"NOMAD CAMO PURSUIT PANT: Mossy Oak Migrate, S",2024-03-31,0,7,6,1.0,39.17,80.42,68.89
15294,SITK0817-ANC-34R,Sitka Territory Pant - Anchor - 34R,2024-03-31,0,8,6,2.0,59.5,119.0,115.4
12365,STK0010Z-KHAKI-33X34,"STRIKER BARRIER ZIP-OFF PANT: Khaki, 33x34",2024-03-31,0,7,5,2.0,40.0,99.99,90.64
12365,STK0010Z-CRB-38X30,"STRIKER BARRIER ZIP-OFF PANT: Carbon, 38X30",2024-03-31,0,7,5,2.0,40.0,99.99,90.64
12365,STK0010Z-CRB-32X34,"STRIKER BARRIER ZIP-OFF PANT: Carbon, 32X34",2024-03-31,0,7,5,2.0,40.0,99.99,90.64
15294,SITK0817-BCK-38R,Sitka Territory Pant - Buckskin - 38R,2024-03-31,0,8,6,2.0,59.5,119.0,115.4
12365,STK0010Z-CRB-31X30,"STRIKER BARRIER ZIP-OFF PANT: Carbon, 31x30",2024-03-31,0,7,5,2.0,40.0,99.99,90.64
12003,COS0077Z-BK,COLD STEEL PISTOL GRIP SWORD CANE: Black,2024-03-31,0,4,3,1.0,72.95,199.99,153.49
12365,STK0010Z-CRB-40X30,"STRIKER BARRIER ZIP-OFF PANT: Carbon, 40X30",2024-03-31,0,7,5,2.0,40.0,99.99,90.64
12365,STK0010Z-KHAKI-34X35,"STRIKER BARRIER ZIP-OFF PANT: Khaki, 34X35",2024-03-31,0,7,5,2.0,40.0,99.99,90.64
15010,ALLEN0001Z-GRY-115,"ALLEN GRANITE RIVER FELT SOLE WADING BOOTS: Gray, 11.5",2024-03-31,0,5,4,1.0,43.3,99.99,93.32
12365,STK0010Z-KHAKI-38X36,"STRIKER BARRIER ZIP-OFF PANT: Khaki, 38x36",2024-03-31,0,7,5,2.0,40.0,99.99,90.64
14214,NOMA0082Z-MODDROPTIN-XL,"NOMAD HARVESTER NXT PANT: Mossy Oak Droptine, XL",2024-03-31,0,5,4,1.0,77.55,160.0,156.98
12365,STK0010Z-KHAKI-34X32,"STRIKER BARRIER ZIP-OFF PANT: Khaki, 34x32",2024-03-31,0,7,5,2.0,40.0,99.99,90.64
12057,SITK0537-SA-L,Sitka Stormfront GTX Glove Optifade Subalpine Large - Subalpine,2024-03-31,0,8,7,1.0,104.66,209.0,177.06
15294,SITK0817-HML-34R,Sitka Territory Pant - Hemlock Green - 34R,2024-03-31,0,8,6,2.0,59.5,119.0,115.4
11962,COS0867Z-BK,COLD STEEL SECRET EDGE: Black,2024-03-31,0,12,7,2.0,15.0,44.99,38.4
9582,ZINK0006-CRNB,ZINK CALL OF DEATH ACRYLIC GOOSE CALL: Cranberry Crusher,2024-03-31,0,5,4,2.0,45.0,137.99,96.08
12758,CYCL0228Z-BK,CYCLOPS FOCUS 850 LUMEN RECHARGEABLE LED SPOTLIGHT: Black,2024-03-31,0,6,5,2.0,34.95,79.99,63.67
12365,STK0010Z-CRB-42X30,"STRIKER BARRIER ZIP-OFF PANT: Carbon, 42X30",2024-03-31,0,7,5,2.0,40.0,99.99,90.64
12365,STK0010Z-KHAKI-42X32,"STRIKER BARRIER ZIP-OFF PANT: Khaki, 42x32",2024-03-31,0,7,5,2.0,40.0,99.99,90.64
12365,STK0010Z-KHAKI-32X31,"STRIKER BARRIER ZIP-OFF PANT: Khaki, 32x31",2024-03-31,0,7,5,2.0,40.0,99.99,90.64
14178,NOMA0049Z-MODDROPTIN-XL,"NOMAD CAMO PURSUIT PANT: Mossy Oak Droptine, XL",2024-03-31,0,7,6,1.0,39.17,80.42,68.89
14255,DANN0057Z-BRNMIL-12,"DANNER 2650 GTX 4 INCH NON-INSULATED MID BOOT: Brown/Military, 12",2024-03-31,0,14,10,1.0,97.14,219.95,193.87
15010,ALLEN0001Z-GRY-95,"ALLEN GRANITE RIVER FELT SOLE WADING BOOTS: Gray, 9.5",2024-03-31,0,5,4,1.0,43.3,99.99,93.32
15010,ALLEN0001Z-GRY-8,"ALLEN GRANITE RIVER FELT SOLE WADING BOOTS: Gray, 8",2024-03-31,0,5,4,1.0,43.3,99.99,93.32
13568,GIL0002Z-GRAPHITE-XL,"GILL TOURNAMENT WATERPROOF RAIN JACKET: Graphite, XL",2024-03-31,0,8,6,2.0,97.5,299.0,193.08
11543,COS0030Z-BK,COLD STEEL KITCHEN CLASSICS SLICER KNIFE: Black,2024-03-31,0,14,10,2.0,10.95,24.99,21.88
15294,SITK0817-HML-32R,Sitka Territory Pant - Hemlock Green - 32R,2024-03-31,0,8,6,2.0,59.5,119.0,115.4
14255,DANN0057Z-BRNMIL-13W,"DANNER 2650 GTX 4 INCH NON-INSULATED MID BOOT: Brown/Military, 13W",2024-03-31,0,14,10,1.0,97.14,219.95,193.87
12530,ARCT0053Z-RTEDGE-L,"ARCTIC SHIELD HEAT ECHO LOFT JACKET: Realtree Edge, L",2024-03-31,0,4,3,1.0,79.39,189.99,158.21
13529,WGAM0964Z-VERIZON,WILDGAME INNOVATIONS TERRA WIRELESS 20MP TRAIL CAMERA - NEW: Verizon,2024-03-31,0,5,4,3.0,60.0,129.99,116.72
8866,KRYP0118-HGH-L,KRYPTEK ARES JACKET - HIGHLANDER - L,2024-03-31,0,16,11,2.0,99.69,279.99,207.17
8475,SITK0077-SA-L,Sitka Mountain WS Glove Optifade Subalpine Large,2024-03-31,0,5,4,2.0,64.33,129.0,120.23
13180,PNUM0001-CAZA-4XL,"PNUMA 2022 SELKIRK HUNTING JACKET: Caza, 4XL",2024-03-31,0,10,8,1.0,136.8,350.0,253.79
15330,LASP0013-CA/FL-10.5,La Sportiva TX4 - Carbon/Flame - 10.5,2024-03-31,0,9,7,1.0,78.0,159.0,151.19
11445,SITK0146-ORG-2XL,Sitka Ballistic Vest,2024-03-31,0,10,8,2.0,49.54,99.0,90.37
9227,ROCK0185Z-VENATORCA-2XL,"ROCKY CAMO INSULATED PACKABLE JACKET: Venator Camo, 2XL",2024-03-31,0,5,4,2.0,48.75,140.0,102.07
12365,STK0010Z-KHAKI-32X32,"STRIKER BARRIER ZIP-OFF PANT: Khaki, 32x32",2024-03-31,0,7,5,2.0,40.0,99.99,90.64
14255,DANN0057Z-BRNMIL-125W,"DANNER 2650 GTX 4 INCH NON-INSULATED MID BOOT: Brown/Military, 12.5W",2024-03-31,0,14,10,1.0,97.14,219.95,193.87
12365,STK0010Z-CRB-32X35,"STRIKER BARRIER ZIP-OFF PANT: Carbon, 32X35",2024-03-31,0,7,5,2.0,40.0,99.99,90.64
12365,STK0010Z-CRB-32X31,"STRIKER BARRIER ZIP-OFF PANT: Carbon, 32x31",2024-03-31,0,7,5,2.0,40.0,99.99,90.64
12261,KING0100-OLV-XL,King's Camo Hunter Safari Long Sleeve - Olive - XL,2024-03-31,0,12,9,3.0,21.38,44.99,41.46
12530,ARCT0053Z-BK-S,"ARCTIC SHIELD HEAT ECHO LOFT JACKET: Black , S",2024-03-31,0,4,3,1.0,79.39,189.99,158.21
12365,STK0010Z-KHAKI-30X32,"STRIKER BARRIER ZIP-OFF PANT: Khaki, 30X32",2024-03-31,0,7,5,2.0,40.0,99.99,90.64
13568,GIL0002Z-GRAPHITE-S,"GILL TOURNAMENT WATERPROOF RAIN JACKET: Graphite, S",2024-03-31,0,8,6,2.0,97.5,299.0,193.08
15312,BROW0695Z-MAJORBRN-3XL,"BROWNING DUTTON JACKET: Major Brown, 3XL",2024-03-31,0,12,9,1.0,94.05,199.99,179.66
15294,SITK0817-BCK-30R,Sitka Territory Pant - Buckskin - 30R,2024-03-31,0,8,6,2.0,59.5,119.0,115.4
12365,STK0010Z-KHAKI-30X30,"STRIKER BARRIER ZIP-OFF PANT: Khaki, 30x30",2024-03-31,0,7,5,2.0,40.0,99.99,90.64
15180,SKRE0030Z-SS-32R,"SKRE KODIAK MOUNTAIN PANT: Summit, 32R",2024-03-31,0,3,2,1.0,65.5,159.96,147.41
12365,STK0010Z-KHAKI-35X32,"STRIKER BARRIER ZIP-OFF PANT: Khaki, 35X32",2024-03-31,0,7,5,2.0,40.0,99.99,90.64
12365,STK0010Z-CRB-30X31,"STRIKER BARRIER ZIP-OFF PANT: Carbon, 30x31",2024-03-31,0,7,5,2.0,40.0,99.99,90.64
12251,KING0006-MTNS-LRG,King's Camo XKG Wind Storm Peak Rain Pant-Mountain Shadow-Large,2024-03-31,0,6,5,2.0,54.15,119.99,97.39
15010,ALLEN0001Z-GRY-85,"ALLEN GRANITE RIVER FELT SOLE WADING BOOTS: Gray, 8.5",2024-03-31,0,5,4,1.0,43.3,99.99,93.32
12365,STK0010Z-CRB-34X32,"STRIKER BARRIER ZIP-OFF PANT: Carbon, 34x32",2024-03-31,0,7,5,2.0,40.0,99.99,90.64
14214,NOMA0082Z-MODDROPTIN-M,"NOMAD HARVESTER NXT PANT: Mossy Oak Droptine, M",2024-03-31,0,5,4,1.0,77.55,160.0,156.98
12261,KING0100-KHK-L,King's Camo Hunter Safari Long Sleeve - Khaki - L,2024-03-31,0,12,9,3.0,21.38,44.99,41.46
14255,DANN0057Z-BRNMIL-11W,"DANNER 2650 GTX 4 INCH NON-INSULATED MID BOOT: Brown/Military, 11W",2024-03-31,0,14,10,1.0,97.14,219.95,193.87
15161,MYST0169-BLK-OS,Mystery Ranch Zoid Cube Set - Black - OS,2024-03-31,0,6,5,2.0,34.61,69.0,64.68
12365,STK0010Z-CRB-33X32,"STRIKER BARRIER ZIP-OFF PANT: Carbon, 33x32",2024-03-31,0,7,5,2.0,40.0,99.99,90.64
12365,STK0010Z-KHAKI-40X35,"STRIKER BARRIER ZIP-OFF PANT: Khaki, 40x35",2024-03-31,0,7,5,2.0,40.0,99.99,90.64
13145,TRRI0008-BLK,Trophy Ridge Whisker Biscuit V PLUS Archery Rest - Black - RH/LH,2024-03-31,0,8,7,1.0,34.8,69.99,60.15
15010,ALLEN0001Z-GRY-12,"ALLEN GRANITE RIVER FELT SOLE WADING BOOTS: Gray, 12",2024-03-31,0,5,4,1.0,43.3,99.99,93.32
12365,STK0010Z-KHAKI-35X34,"STRIKER BARRIER ZIP-OFF PANT: Khaki, 35X34",2024-03-31,0,7,5,2.0,40.0,99.99,90.64
12365,STK0010Z-KHAKI-32X30,"STRIKER BARRIER ZIP-OFF PANT: Khaki, 32X30",2024-03-31,0,7,5,2.0,40.0,99.99,90.64
12365,STK0010Z-CRB-32X30,"STRIKER BARRIER ZIP-OFF PANT: Carbon, 32X30",2024-03-31,0,7,5,2.0,40.0,99.99,90.64
14214,NOMA0082Z-MODDROPTIN-L,"NOMAD HARVESTER NXT PANT: Mossy Oak Droptine, L",2024-03-31,0,5,4,1.0,77.55,160.0,156.98
13180,PNUM0001-CAZA-3XL,"PNUMA 2022 SELKIRK HUNTING JACKET: Caza, 3XL",2024-03-31,0,10,8,1.0,136.8,350.0,253.79
12365,STK0010Z-CRB-42X32,"STRIKER BARRIER ZIP-OFF PANT: Carbon, 42x32",2024-03-31,0,7,5,2.0,40.0,99.99,90.64
12251,KING0006-DS-LRG,King's Camo XKG Wind Storm Peak Rain Pant-Desert Shadow-Large,2024-03-31,0,6,5,2.0,54.15,119.99,97.39
15010,ALLEN0001Z-GRY-13,"ALLEN GRANITE RIVER FELT SOLE WADING BOOTS: Gray, 13",2024-03-31,0,5,4,1.0,43.3,99.99,93.32
12365,STK0010Z-KHAKI-36X30,"STRIKER BARRIER ZIP-OFF PANT: Khaki, 36X30",2024-03-31,0,7,5,2.0,40.0,99.99,90.64
12365,STK0010Z-CRB-44X30,"STRIKER BARRIER ZIP-OFF PANT: Carbon, 44X30",2024-03-31,0,7,5,2.0,40.0,99.99,90.64
12365,STK0010Z-CRB-35X32,"STRIKER BARRIER ZIP-OFF PANT: Carbon, 35X32",2024-03-31,0,7,5,2.0,40.0,99.99,90.64
11099,COLD0019-20VSCZ,COLD STEEL SCIMITAR FIXED BLADE KNIFE: Black,2024-03-31,0,15,11,2.0,12.71,36.99,24.78
4930,ALPS0057-TAN,"ALPS COMMANDER FRAME PACK: Tan, One Size",2024-03-31,0,5,4,6.0,49.99,133.32,103.96
8866,KRYP0118-HGH-M,KRYPTEK ARES JACKET - HIGHLANDER - M,2024-03-31,0,16,11,2.0,99.69,279.99,207.17
12365,STK0010Z-KHAKI-38X32,"STRIKER BARRIER ZIP-OFF PANT: Khaki, 38x32",2024-03-31,0,7,5,2.0,40.0,99.99,90.64
13568,GIL0002Z-GRAPHITE-3XL,"GILL TOURNAMENT WATERPROOF RAIN JACKET: Graphite, 3XL",2024-03-31,0,8,6,2.0,97.5,299.0,193.08
8253,MUDD0351Z-BKOR,Muddy The Safe-Line - Black/Orange,2024-03-31,0,5,4,22.0,15.5,34.99,30.1
12365,STK0010Z-KHAKI-44X30,"STRIKER BARRIER ZIP-OFF PANT: Khaki, 44X30",2024-03-31,0,7,5,2.0,40.0,99.99,90.64
15312,BROW0695Z-OVIXCAMO-3XL,"BROWNING DUTTON JACKET: Ovix Camo, 3XL",2024-03-31,0,12,9,1.0,94.05,199.99,179.66
15180,SKRE0030Z-SS-34R,"SKRE KODIAK MOUNTAIN PANT: Summit, 34R",2024-03-31,0,3,2,1.0,65.5,159.96,147.41
12057,SITK0537-OOC-2XL,Sitka Stormfront GTX Glove Optifade Open Country XX Large - Open Country,2024-03-31,0,8,7,1.0,104.66,209.0,177.06
12222,KING0043-PINKSHADOW,KING'S HUNTER SERIES JR 25 DEGREE YOUTH SLEEPING BAG WITH PACKPACK: Pink Shadow,2024-03-31,0,10,8,2.0,40.0,74.99,72.22
14255,DANN0057Z-BRNMIL-14,"DANNER 2650 GTX 4 INCH NON-INSULATED MID BOOT: Brown/Military, 14",2024-03-31,0,14,10,1.0,97.14,219.95,193.87
15312,BROW0695Z-MAJORBRN-S,"BROWNING DUTTON JACKET: Major Brown, S",2024-03-31,0,12,9,1.0,94.05,199.99,179.66
9582,ZINK0006-UBBLU,ZINK CALL OF DEATH ACRYLIC GOOSE CALL: Ultrabright Blue,2024-03-31,0,5,4,2.0,45.0,137.99,96.08
12251,KING0006-MTNS-XL,King's Camo XKG Wind Storm Peak Rain Pant-Mountain Shadow-XL,2024-03-31,0,6,5,2.0,54.15,119.99,97.39
8475,SITK0077-SA-XL,Sitka Mountain WS Glove Optifade Subalpine X Large,2024-03-31,0,5,4,2.0,64.33,129.0,120.23
12365,STK0010Z-CRB-36X30,"STRIKER BARRIER ZIP-OFF PANT: Carbon, 36X30",2024-03-31,0,7,5,2.0,40.0,99.99,90.64
12530,ARCT0053Z-RTEDGE-3XL,"ARCTIC SHIELD HEAT ECHO LOFT JACKET: Realtree Edge, 3XL",2024-03-31,0,4,3,1.0,79.39,189.99,158.21
13568,GIL0002Z-SAGE-S,"GILL TOURNAMENT WATERPROOF RAIN JACKET: Sage, S",2024-03-31,0,8,6,2.0,97.5,299.0,193.08
15010,ALLEN0001Z-GRY-9,"ALLEN GRANITE RIVER FELT SOLE WADING BOOTS: Gray, 9",2024-03-31,0,5,4,1.0,43.3,99.99,93.32
13554,ELEM0001-GRY-M,Element Outdoors Mens Kore Series Lightweight Long Sleeve Shirt - GREY - Medium,2024-03-31,0,10,7,2.0,19.0,64.0,41.16
12365,STK0010Z-CRB-42X35,"STRIKER BARRIER ZIP-OFF PANT: Carbon, 42x35",2024-03-31,0,7,5,2.0,40.0,99.99,90.64
12365,STK0010Z-KHAKI-42X30,"STRIKER BARRIER ZIP-OFF PANT: Khaki, 42X30",2024-03-31,0,7,5,2.0,40.0,99.99,90.64
12365,STK0010Z-CRB-35X34,"STRIKER BARRIER ZIP-OFF PANT: Carbon, 35X34",2024-03-31,0,7,5,2.0,40.0,99.99,90.64
12982,SOG0082Z-RD,SOG VISION XR LTE KNIFE: Red,2024-03-31,0,5,4,1.0,91.77,199.95,173.61
12251,KING0006-DS-M,King's Camo XKG Wind Storm Peak Rain Pant-Desert Shadow-Medium,2024-03-31,0,6,5,2.0,54.15,119.99,97.39
15294,SITK0817-BCK-34R,Sitka Territory Pant - Buckskin - 34R,2024-03-31,0,8,6,2.0,59.5,119.0,115.4
12261,KING0100-KHK-3XL,King's Camo Hunter Safari Long Sleeve - Khaki - 3XL,2024-03-31,0,12,9,3.0,21.38,44.99,41.46
12530,ARCT0053Z-BK-XL,"ARCTIC SHIELD HEAT ECHO LOFT JACKET: Black , XL",2024-03-31,0,4,3,1.0,79.39,189.99,158.21
12735,AVIA0018-MAL-6PK,AvianX Topflight Open Water Duck Decoys - 6 Pack - Mallard,2024-03-31,0,10,6,2.0,60.0,169.99,149.42
15294,SITK0817-ANC-36R,Sitka Territory Pant - Anchor - 36R,2024-03-31,0,8,6,2.0,59.5,119.0,115.4
8475,SITK0077-OC-L,Sitka Mountain WS Glove [2016] - Optifade Open Country - Large,2024-03-31,0,5,4,2.0,64.33,129.0,120.23
15294,SITK0817-ANC-32R,Sitka Territory Pant - Anchor - 32R,2024-03-31,0,8,6,2.0,59.5,119.0,115.4
12365,STK0010Z-KHAKI-36X35,"STRIKER BARRIER ZIP-OFF PANT: Khaki, 36X35",2024-03-31,0,7,5,2.0,40.0,99.99,90.64
12365,STK0010Z-CRB-36X35,"STRIKER BARRIER ZIP-OFF PANT: Carbon, 36X35",2024-03-31,0,7,5,2.0,40.0,99.99,90.64
8475,SITK0077-OC-XL,Sitka Mountain WS Glove [2016] - Optifade Open Country - XL,2024-03-31,0,5,4,2.0,64.33,129.0,120.23
11445,SITK0146-ORG-L,Sitka Ballistic Vest,2024-03-31,0,10,8,2.0,49.54,99.0,90.37
14935,SEAT0037-OS,Sea to Summit Hammock Bug Net,2024-03-31,0,5,4,2.0,34.98,69.95,63.47
12222,KING0043-DS-YTH,King's Camo Youth Sleeping Bag w/ Backpack - Desert Shadow,2024-03-31,0,10,8,2.0,40.0,74.99,72.22
8866,KRYP0118-HGH-XL,KRYPTEK ARES JACKET - HIGHLANDER - XL,2024-03-31,0,16,11,2.0,99.69,279.99,207.17
12251,KING0006-EDGE-M,King's Camo XKG Wind Storm Peak Rain Pant Realtree Edge - Realtree Edge - Size M,2024-03-31,0,6,5,2.0,54.15,119.99,97.39
8866,KRYP0118-TYP-XL,KRYPTEK ARES JACKET - TYPHON - XL,2024-03-31,0,16,11,2.0,99.69,279.99,207.17
12057,SITK0537-OOC-XL,Sitka Stormfront GTX Glove Optifade Open Country X Large - Open Country,2024-03-31,0,8,7,1.0,104.66,209.0,177.06
9898,KRYP0188-HGH-L,Kryptek Dalibor Glove - Highlander - Large,2024-03-31,0,11,7,2.0,21.0,59.99,48.97
9898,KRYP0188-HGH-XL,Kryptek Dalibor Glove - Highlander - XL,2024-03-31,0,11,7,2.0,21.0,59.99,48.97
12261,KING0100-DS-L,King's Camo Hunter Safari Long Sleeve - Desert Shadow - L,2024-03-31,0,12,9,3.0,21.38,44.99,41.46
12261,KING0100-DS-2XL,King's Camo Hunter Safari Long Sleeve - Desert Shadow - 2XL,2024-03-31,0,12,9,3.0,21.38,44.99,41.46
12261,KING0100-KHK-M,King's Camo Hunter Safari Long Sleeve - Khaki - M,2024-03-31,0,12,9,3.0,21.38,44.99,41.46
12261,KING0100-DS-3XL,King's Camo Hunter Safari Long Sleeve - Desert Shadow - 3XL,2024-03-31,0,12,9,3.0,21.38,44.99,41.46
12261,KING0100-DS-M,King's Camo Hunter Safari Long Sleeve - Desert Shadow - M,2024-03-31,0,12,9,3.0,21.38,44.99,41.46
14045,DARN0035-BGNDY-M,Darn Tough 2104 Womens Hunter - HW w/Full Cushion - Boot Sock - Burgundy - Medium,2024-03-31,0,9,7,2.0,15.0,30.0,29.01
14045,DARN0035-BGNDY-L,Darn Tough 2104 Womens Hunter - HW w/Full Cushion - Boot Sock - Burgundy - Large,2024-03-31,0,9,7,2.0,15.0,30.0,29.01
8866,KRYP0118-SKF-2XL,Kryptek Ares Jacket - Skyfall - 2Xl,2024-03-31,0,16,11,2.0,99.69,279.99,207.17
8866,KRYP0118-SKF-XL,Kryptek Ares Jacket - Skyfall - Xl,2024-03-31,0,16,11,2.0,99.69,279.99,207.17
15294,SITK0817-HML-40R,Sitka Territory Pant - Hemlock Green - 40R,2024-03-31,0,8,6,2.0,59.5,119.0,115.4
11319,BIRC0280Z-MEDIUM,BIRCHWOOD CASEY UNIVERSAL FRONT REST BAG: Medium,2024-03-31,0,4,3,2.0,7.95,18.66,15.32
11319,BIRC0280Z-NARW,BIRCHWOOD CASEY UNIVERSAL FRONT REST BAG: Narrow,2024-03-31,0,4,3,2.0,7.95,18.66,15.32
11319,BIRC0280Z-WIDE,BIRCHWOOD CASEY UNIVERSAL FRONT REST BAG: Wide,2024-03-31,0,4,3,2.0,7.95,18.66,15.32
11537,COS0024Z-BK,COLD STEEL HIDE OUT FIXED KNIFE: Black,2024-03-31,0,9,6,2.0,14.5,36.99,32.32
12365,STK0010Z-KHAKI-32X33,"STRIKER BARRIER ZIP-OFF PANT: Khaki, 32x33",2024-03-31,0,7,5,2.0,40.0,99.99,90.64
13180,PNUM0001-CAZA-L,"PNUMA 2022 SELKIRK HUNTING JACKET: Caza, L",2024-03-31,0,10,8,1.0,136.8,350.0,253.79
13180,PNUM0001-CAZA-XL,"PNUMA 2022 SELKIRK HUNTING JACKET: Caza, XL",2024-03-31,0,10,8,1.0,136.8,350.0,253.79
13396,SOG0478Z-STSTEEL,SOG JASON BROUS SNARL 2.3 INCH FIXED BLADE KNIFE: Stainless Steel,2024-03-31,0,10,8,2.0,26.59,55.95,49.25
10875,GOUT0001Z-BK,G.P.S. EXECUTIVE RANGE BACKPACK WITH CRADLE: Black,2024-03-31,0,9,7,2.0,91.04,234.99,170.8
12530,ARCT0053Z-BK-2XL,"ARCTIC SHIELD HEAT ECHO LOFT JACKET: Black , 2XL",2024-03-31,0,4,3,1.0,79.39,189.99,158.21
12728,AMST0059Z-BK,AMERISTEP 360 SILENT SWIVEL BLIND CHAIR: Black,2024-03-31,0,12,9,2.0,63.28,149.99,121.37
12982,SOG0082Z-BLKG,SOG VISION XR LTE KNIFE: Black/Graphite,2024-03-31,0,5,4,1.0,91.77,199.95,173.61
13351,COS0514Z-BK,COLD STEEL WING SPEAR: Black,2024-03-31,0,5,4,1.0,64.95,149.99,119.25
13568,GIL0002Z-SAGE-XL,"GILL TOURNAMENT WATERPROOF RAIN JACKET: Sage, XL",2024-03-31,0,8,6,2.0,97.5,299.0,193.08
13568,GIL0002Z-GRAPHITE-2XL,"GILL TOURNAMENT WATERPROOF RAIN JACKET: Graphite, 2XL",2024-03-31,0,8,6,2.0,97.5,299.0,193.08
14178,NOMA0049Z-MODDROPTIN-S,"NOMAD CAMO PURSUIT PANT: Mossy Oak Droptine, S",2024-03-31,0,7,6,1.0,39.17,80.42,68.89
14178,NOMA0049Z-MOMIGRATE-3XL,"NOMAD CAMO PURSUIT PANT: Mossy Oak Migrate, 3XL",2024-03-31,0,7,6,1.0,39.17,80.42,68.89
14178,NOMA0049Z-MODDROPTIN-L,"NOMAD CAMO PURSUIT PANT: Mossy Oak Droptine, L",2024-03-31,0,7,6,1.0,39.17,80.42,68.89
14178,NOMA0049Z-MOMIGRATE-M,"NOMAD CAMO PURSUIT PANT: Mossy Oak Migrate, M",2024-03-31,0,7,6,1.0,39.17,80.42,68.89
14178,NOMA0049Z-MOMIGRATE-L,"NOMAD CAMO PURSUIT PANT: Mossy Oak Migrate, L",2024-03-31,0,7,6,1.0,39.17,80.42,68.89
14178,NOMA0049Z-MODDROPTIN-M,"NOMAD CAMO PURSUIT PANT: Mossy Oak Droptine, M",2024-03-31,0,7,6,1.0,39.17,80.42,68.89
14255,DANN0057Z-BRNMIL-8W,"DANNER 2650 GTX 4 INCH NON-INSULATED MID BOOT: Brown/Military, 8W",2024-03-31,0,14,10,1.0,97.14,219.95,193.87
14255,DANN0057Z-BRNMIL-85,"DANNER 2650 GTX 4 INCH NON-INSULATED MID BOOT: Brown/Military, 8.5",2024-03-31,0,14,10,1.0,97.14,219.95,193.87
14255,DANN0057Z-BRNMIL-9,"DANNER 2650 GTX 4 INCH NON-INSULATED MID BOOT: Brown/Military, 9",2024-03-31,0,14,10,1.0,97.14,219.95,193.87
14255,DANN0057Z-BRNMIL-95W,"DANNER 2650 GTX 4 INCH NON-INSULATED MID BOOT: Brown/Military, 9.5W",2024-03-31,0,14,10,1.0,97.14,219.95,193.87
14255,DANN0057Z-BRNMIL-10,"DANNER 2650 GTX 4 INCH NON-INSULATED MID BOOT: Brown/Military, 10",2024-03-31,0,14,10,1.0,97.14,219.95,193.87
15180,SKRE0030Z-SOLC-40R,"SKRE KODIAK MOUNTAIN PANT: Solace, 40R",2024-03-31,0,3,2,1.0,65.5,159.96,147.41
15314,BROW0648Z-OVIXCAMO-XL,"BROWNING PAHVANT PRO JACKET: Ovix Camo, XL",2024-03-31,0,6,5,1.0,80.75,179.99,150.57
15314,BROW0648Z-OVIXCAMO-S,"BROWNING PAHVANT PRO JACKET: Ovix Camo, S",2024-03-31,0,6,5,1.0,80.75,179.99,150.57
15351,KING0237Z-XK7-4R,"KING'S WOMEN'S HUNTER PANT 2.0: XK7, 4R",2024-03-31,0,8,6,1.0,30.88,69.99,61.7
15351,KING0237Z-XK7-12R,"KING'S WOMEN'S HUNTER PANT 2.0: XK7, 12R",2024-03-31,0,8,6,1.0,30.88,69.99,61.7
15351,KING0237Z-XK7-16R,"KING'S WOMEN'S HUNTER PANT 2.0: XK7, 16R",2024-03-31,0,8,6,1.0,30.88,69.99,61.7
15351,KING0237Z-XK7-18R,"KING'S WOMEN'S HUNTER PANT 2.0: XK7, 18R",2024-03-31,0,8,6,1.0,30.88,69.99,61.7
15314,BROW0648Z-OVIXCAMO-M,"BROWNING PAHVANT PRO JACKET: Ovix Camo, M",2024-03-31,0,6,5,1.0,80.75,179.99,150.57
15314,BROW0648Z-OVIXCAMO-2XL,"BROWNING PAHVANT PRO JACKET: Ovix Camo, 2XL",2024-03-31,0,6,5,1.0,80.75,179.99,150.57
